stop_id,route_ids
5,95
10,95
20,95
25,95
50,14
55,14
60,14
65,14
75,14
80,14
85,14
90,14
95,14
110,14
115,14
120,14
125,14
130,"14,66,65"
135,14
140,14
150,14
155,14
170,14
185,14
190,14
250,14
255,14
290,14
295,14
300,14
305,14
310,66
315,66
335,66
340,66
370,66
375,66
380,14
390,66
395,66
405,66
415,66
425,66
430,66
435,65
440,"66,65"
445,66
450,14
455,"66,65"
460,14
465,14
475,66
480,14
485,66
495,65
500,14
505,66
520,65
525,14
535,95
540,66
545,66
550,66
560,14
565,14
570,66
585,66
595,66
605,67
615,66
630,14
635,14
640,14
645,14
650,67
655,67
665,14
670,66
685,66
730,67
735,67
740,67
745,67
750,67
755,67
760,67
775,67
780,14
785,14
790,67
805,66
815,66
820,67
830,67
845,67
850,67
875,67
880,67
885,14
890,14
905,66
910,67
915,67
925,66
935,66
940,67
950,67
955,67
965,67
970,67
975,14
980,14
985,67
1010,67
1030,66
1035,66
1040,67
1055,14
1060,14
1070,66
1075,"64,66"
1080,66
1085,"64,66"
1095,67
1100,67
1120,"64,66"
1125,"66,64"
1140,"66,64"
1145,67
1150,67
1155,"66,64"
1165,14
1175,"66,64"
1180,"64,66"
1185,"64,66"
1190,"64,66"
1205,"66,64,69"
1210,67
1215,67
1225,"66,64"
1230,"64,66,69"
1245,14
1250,14
1295,14
1300,67
1305,67
1315,67
1330,67
1340,"60,63,67"
1345,"60,63"
1365,"60,63"
1370,"60,63"
1375,"60,63"
1380,60
1381,67
1382,63
1383,64
1384,14
1395,"14,64"
1400,"14,64"
1420,64
1430,"60,63"
1435,"60,63"
1450,"14,64"
1455,"14,64"
1460,65
1465,64
1475,"60,63"
1480,"60,63"
1495,"14,64"
1505,"14,64"
1510,"60,63"
1515,"14,64"
1520,"14,64"
1525,"14,64"
1526,"14,64"
1530,64
1535,"14,64"
1540,"60,63"
1545,"14,64"
1555,"60,63"
1565,"14,64"
1575,"14,64"
1590,"60,63"
1595,"60,63"
1600,64
1605,64
1610,"14,64"
1615,"14,64"
1625,"60,63"
1635,"60,63"
1645,64
1650,64
1660,"14,64"
1665,"60,63"
1670,"60,63"
1685,65
1695,64
1705,"60,63"
1715,64
1720,"60,63"
1725,"14,64"
1730,"14,64"
1735,"60,63"
1745,"14,64"
1755,64
1760,63
1770,63
1775,"64,63"
1776,14
1777,14
1780,63
1810,63
1820,60
1830,63
1835,"64,63"
1850,63
1860,63
1865,"64,63"
1870,"64,63"
1875,"14,64"
1880,"14,64"
1890,"64,63"
1895,"64,63"
1900,60
1905,63
1915,63
1920,60
1940,60
1945,95
1955,60
1975,63
1976,63
1980,60
1990,60
2005,63
2010,63
2015,60
2020,"64,63"
2025,"64,63"
2035,60
2045,63
2055,63
2060,63
2065,"14,64"
2070,"14,64"
2075,60
2080,"60,63"
2085,60
2090,"64,63"
2100,"60,63"
2105,"64,63"
2125,"60,63"
2140,"64,63"
2145,"64,63"
2150,64
2155,"64,63"
2165,63
2170,"64,63"
2175,"64,63"
2180,64
2185,60
2195,"64,60"
2200,"64,63"
2205,60
2210,60
2215,60
2230,63
2235,"64,60"
2240,60
2245,"14,64"
2250,"14,64"
2255,60
2260,65
2265,60
2270,60
2275,65
2280,63
2285,60
2290,60
2295,"60,64,63"
2300,"64,60"
2305,63
2310,"60,64,63"
2315,"64,60,63"
2320,"14,64"
2325,"14,64"
2335,"60,64,63"
2340,60
2345,60
2360,14
2361,"14,64"
2365,"64,60,63"
2370,14
2380,"64,60"
2385,"60,63"
2390,60
2395,60
2405,"60,63"
2410,"60,63"
2415,"60,63"
2425,"60,63"
2430,60
2435,60
2440,"60,63"
2445,"60,63"
2455,"60,63"
2460,"60,63"
2470,"60,63"
2475,63
2480,"60,63"
2490,65
2495,60
2500,60
2505,14
2510,14
2515,"60,63"
2520,"60,63"
2525,60
2530,60
2535,"60,63"
2540,60
2545,60
2550,"60,63"
2555,14
2560,14
2565,60
2570,63
2575,60
2585,65
2595,60
2600,60
2605,60
2610,14
2615,14
2620,60
2625,60
2630,60
2640,14
2650,14
2660,14
2665,60
2670,60
2675,14
2680,14
2685,60
2695,14
2700,14
2705,14
2710,60
2715,60
2720,14
2725,14
2730,14
2735,60
2740,60
2745,14
2750,14
2755,60
2760,60
2765,14
2770,60
2775,60
2780,14
2785,60
2810,60
2815,14
2850,65
2870,60
2875,60
2890,60
2900,14
2910,60
2915,60
2920,14
2925,14
2930,60
2935,14
2940,60
2945,14
2950,60
2960,60
2965,60
2970,60
2975,60
2980,66
2995,"66,65"
3000,60
3005,60
3010,14
3020,60
3030,60
3035,60
3040,14
3045,14
3055,60
3060,14
3070,60
3075,60
3080,14
3085,14
3090,60
3095,60
3100,60
3105,60
3110,14
3115,14
3120,60
3130,14
3145,60
3150,60
3155,14
3170,14
3175,60
3180,14
3185,60
3190,60
3195,60
3210,60
3215,60
3225,60
3230,60
3235,"66,65"
3250,14
3265,60
3280,60
3285,60
3290,60
3295,14
3300,14
3310,66
3315,60
3320,60
3325,14
3330,60
3335,14
3340,60
3345,60
3355,60
3360,60
3370,60
3375,14
3380,14
3385,60
3400,14
3415,60
3420,60
3430,14
3435,14
3440,14
3445,60
3450,60
3455,60
3460,60
3465,60
3470,60
3475,60
3485,60
3490,60
3495,14
3505,60
3510,60
3515,60
3520,60
3525,14
3530,14
3535,60
3545,"61,60"
3550,"61,60"
3555,14
3560,14
3565,"61,60"
3570,"61,60"
3575,60
3580,60
3585,14
3595,14
3600,14
3605,14
3610,14
3615,14
3620,14
3630,14
3635,14
3637,14
3640,14
3642,14
3645,14
3650,14
3655,14
3660,"60,61"
3665,14
3670,"61,60"
3675,14
3690,14
3695,14
3715,14
3720,14
3725,60
3730,60
3740,14
3745,14
3750,60
3755,60
3760,14
3765,14
3775,14
3800,14
3805,14
3810,95
3815,60
3820,60
3835,14
3840,14
3855,61
3860,14
3865,60
3870,61
3885,14
3890,14
3900,60
3910,60
3915,60
3920,14
3930,14
3975,61
3980,61
4015,14
4020,60
4025,14
4030,60
4035,14
4040,60
4045,61
4050,61
4055,14
4060,60
4065,60
4070,14
4085,60
4090,60
4095,60
4100,60
4105,14
4115,61
4120,61
4130,60
4135,14
4140,13
4150,61
4160,61
4175,60
4180,60
4190,13
4195,13
4200,14
4205,14
4215,60
4220,60
4230,61
4235,13
4240,60
4250,60
4255,14
4260,14
4265,61
4275,13
4290,13
4295,13
4300,13
4305,60
4310,60
4315,61
4325,13
4330,61
4335,14
4345,13
4346,13
4350,14
4360,13
4365,13
4370,14
4375,60
4380,61
4385,13
4395,60
4400,14
4420,13
4435,14
4440,14
4445,60
4450,60
4460,13
4465,14
4470,29
4475,29
4480,29
4485,29
4495,13
4500,14
4505,61
4510,61
4515,29
4525,29
4530,29
4535,29
4540,29
4545,60
4550,29
4555,13
4560,29
4570,60
4575,14
4580,14
4585,29
4590,29
4595,13
4600,3
4610,29
4615,61
4620,29
4625,61
4630,3
4635,60
4640,60
4645,14
4655,3
4660,14
4670,13
4685,29
4690,13
4705,61
4715,61
4720,29
4725,13
4730,3
4735,13
4740,14
4750,13
4755,13
4760,13
4765,14
4770,13
4775,3
4780,60
4785,60
4790,29
4795,13
4800,13
4805,29
4810,61
4815,61
4820,3
4825,29
4840,29
4850,13
4855,3
4860,60
4865,14
4870,13
4875,60
4880,13
4890,13
4895,13
4900,29
4905,60
4915,8
4920,13
4925,13
4935,3
4940,3
4945,14
4955,13
4960,29
4965,13
4970,60
4975,8
4980,3
4990,14
5000,61
5005,61
5015,13
5020,13
5025,8
5035,13
5040,13
5045,"29,12"
5055,13
5060,13
5065,60
5070,60
5075,3
5080,8
5085,12
5090,13
5095,8
5105,3
5110,"29,12"
5115,29
5120,3
5130,14
5140,14
5145,3
5155,29
5160,29
5165,60
5170,"14,29"
5175,8
5180,29
5185,29
5200,60
5205,29
5210,"14,29"
5220,61
5225,61
5230,3
5235,29
5245,29
5250,"29,12"
5255,"29,12"
5260,29
5270,29
5275,3
5280,13
5285,3
5290,29
5295,3
5300,13
5305,29
5310,29
5320,29
5325,"29,12"
5330,29
5340,3
5345,3
5350,8
5355,29
5360,29
5370,3
5380,60
5385,29
5395,"14,29"
5415,60
5420,29
5425,29
5426,29
5430,61
5445,61
5450,29
5485,29
5495,"29,8"
5500,3
5505,29
5510,"29,8"
5525,14
5530,"29,8"
5540,13
5545,"29,8"
5570,"29,8"
5580,"29,8"
5585,14
5595,"29,8"
5610,"29,12"
5615,14
5620,60
5635,60
5645,29
5655,"29,13,12"
5660,60
5670,"29,8"
5680,61
5690,"29,8"
5695,3
5710,3
5715,29
5720,61
5740,"29,12"
5750,29
5760,8
5765,8
5770,14
5780,29
5785,29
5800,60
5805,29
5810,"29,12"
5820,"29,12"
5825,29
5830,8
5835,8
5840,14
5845,"29,13"
5865,"29,13"
5870,29
5875,29
5880,29
5885,61
5890,61
5895,60
5915,14
5930,29
5935,29
5940,29
5950,8
5975,29
5980,3
5985,14
5990,"29,13"
5995,3
6000,"29,13"
6005,29
6010,8
6015,8
6020,14
6025,29
6030,8
6035,29
6040,8
6045,60
6050,60
6055,8
6075,29
6080,"29,13"
6095,8
6100,8
6105,29
6110,29
6125,29
6140,"29,12"
6145,29
6150,"29,12"
6160,"29,13"
6165,8
6170,29
6175,13
6180,60
6185,13
6195,"29,13,12"
6200,"29,13"
6205,8
6210,3
6220,8
6225,3
6235,61
6245,61
6255,8
6275,"29,13,12"
6280,"29,13"
6285,8
6295,29
6300,8
6305,"29,13"
6310,29
6315,29
6320,29
6335,"66,29,21"
6340,8
6345,60
6360,8
6365,"29,13,12"
6370,8
6375,"29,13"
6380,"29,13"
6385,"29,13"
6390,13
6405,14
6410,"29,13,12"
6415,60
6420,13
6425,"29,13"
6430,29
6435,"29,13,12"
6440,"29,13"
6460,"29,13"
6465,"29,13"
6485,"29,13"
6495,"29,3"
6505,61
6510,61
6520,"29,3"
6525,29
6540,14
6545,29
6565,"29,13"
6575,29
6580,29
6585,13
6610,"29,3"
6620,29
6630,13
6635,29
6640,29
6645,29
6650,29
6660,61
6665,61
6670,60
6675,29
6680,14
6690,60
6695,"29,3"
6700,13
6705,"29,3"
6710,"29,3"
6715,13
6720,29
6725,29
6730,29
6735,29
6740,"29,3"
6745,14
6750,8
6755,8
6760,29
6765,14
6770,"29,3"
6775,60
6780,60
6785,"29,3"
6790,21
6795,61
6800,29
6805,61
6810,29
6815,"29,3"
6820,29
6830,29
6845,"29,3"
6850,29
6855,29
6860,29
6865,29
6870,3
6875,29
6880,13
6885,8
6890,13
6895,3
6900,"29,21"
6905,60
6915,29
6925,29
6930,29
6935,29
6945,"29,3"
6950,60
6955,29
6960,21
6965,29
6970,61
6980,61
6985,29
6995,14
7000,29
7005,14
7010,"29,3"
7015,60
7020,3
7025,8
7035,3
7045,29
7050,29
7055,13
7060,13
7065,60
7070,21
7075,"29,30,13,21,22"
7095,"29,3"
7115,61
7120,21
7125,61
7135,3
7145,3
7165,21
7170,"14,20,1"
7180,13
7195,60
7200,13
7205,3
7215,3
7225,21
7230,21
7235,8
7245,3
7250,3
7265,"14,20,1"
7270,61
7280,3
7285,60
7300,61
7305,3
7315,"14,20,1"
7325,13
7330,13
7340,3
7345,3
7350,3
7355,"29,30,13,21,22"
7360,29
7365,8
7370,13
7375,3
7380,29
7385,8
7390,29
7395,"61,60"
7410,"30,13,21,22"
7415,"13,21"
7420,3
7430,8
7435,"60,61"
7440,"30,21,22"
7445,3
7450,3
7465,"61,60"
7490,13
7495,"30,13,21,22"
7500,13
7505,3
7520,"61,60"
7525,3
7555,3
7560,"20,1"
7570,8
7580,3
7585,3
7595,"60,61"
7600,8
7605,3
7610,13
7620,"13,21"
7625,13
7640,3
7645,3
7650,"61,60"
7660,20
7665,"60,61"
7670,3
7680,8
7685,13
7690,8
7695,13
7710,"30,13,21,22"
7715,"30,13,21,22"
7725,3
7735,3
7745,3
7750,3
7755,13
7760,"21,22"
7765,3
7770,"21,22"
7775,13
7785,"61,60"
7795,8
7800,"21,22"
7805,"30,13"
7810,"60,61"
7825,"21,22"
7841,"21,22"
7845,"21,22"
7850,"20,1"
7855,"30,13"
7860,8
7865,"60,61"
7870,"61,60"
7880,"20,1"
7885,"60,61"
7890,"61,60"
7900,"21,22"
7905,"60,61"
7910,"60,61"
7915,3
7920,3
7925,8
7930,"60,61"
7945,"61,60"
7950,8
7955,"61,60"
7960,"60,61"
7965,"21,22"
7980,"30,13"
7985,"60,61"
7990,"61,60"
7995,"61,60"
8010,"60,61"
8020,"21,22"
8025,8
8030,"61,60"
8035,8
8040,3
8045,"20,1"
8050,"20,1"
8060,30
8065,"21,22"
8070,3
8075,30
8085,8
8095,"60,61"
8105,8
8125,21
8135,8
8140,3
8145,8
8150,3
8160,"60,61"
8175,"61,60"
8185,30
8200,"61,60"
8205,"60,61"
8210,30
8215,21
8225,8
8230,8
8235,30
8245,3
8250,21
8255,22
8265,22
8270,3
8275,30
8280,"20,1"
8285,30
8290,"20,1"
8295,3
8300,3
8305,3
8330,3
8345,8
8355,3
8365,8
8370,3
8375,3
8380,"20,1"
8385,"61,60"
8390,"20,1"
8395,22
8400,3
8405,3
8410,30
8415,21
8420,21
8425,"60,61"
8445,3
8455,21
8460,30
8465,3
8475,22
8485,21
8510,21
8520,"60,61"
8530,"61,60"
8545,3
8550,3
8555,"20,1"
8565,3
8570,3
8575,30
8585,3
8590,"60,61"
8600,3
8610,8
8615,20
8630,20
8635,8
8640,3
8645,3
8665,1
8670,21
8680,3
8695,3
8700,30
8705,3
8710,8
8720,30
8745,8
8750,"61,60"
8765,1
8770,8
8775,3
8780,22
8785,3
8805,1
8810,30
8815,20
8820,8
8830,30
8835,"60,61"
8840,22
8845,1
8850,20
8870,22
8880,30
8895,22
8900,3
8905,3
8915,1
8925,1
8950,3
8955,1
8980,3
8985,3
9015,3
9020,1
9025,20
9040,30
9050,30
9065,3
9070,3
9075,20
9090,21
9095,"60,61"
9100,20
9105,1
9110,1
9125,22
9130,22
9145,30
9150,33
9155,3
9165,21
9170,21
9175,33
9180,30
9190,33
9195,33
9225,1
9240,33
9245,20
9255,33
9275,22
9285,33
9300,33
9315,30
9320,33
9325,30
9330,3
9335,3
9340,1
9345,33
9350,22
9355,"3,1"
9360,"3,1"
9365,33
9370,"61,60"
9380,33
9385,"60,61"
9390,20
9400,21
9410,21
9415,3
9420,30
9440,20
9465,30
9475,21
9480,33
9495,3
9515,20
9535,20
9540,22
9560,22
9570,"3,1"
9585,30
9590,30
9606,21
9615,33
9625,"61,60"
9630,33
9640,"3,1"
9650,"3,1"
9680,20
9695,20
9705,33
9715,"60,61"
9720,"61,60"
9755,3
9765,30
9770,21
9785,22
9800,30
9805,20
9815,30
9820,"3,1"
9830,"3,1"
9835,21
9850,33
9855,20
9865,3
9870,33
9875,3
9880,"3,1"
9895,20
9900,22
9905,21
9910,21
9955,21
9960,33
9970,30
9980,"3,1"
9990,22
9995,21
10005,30
10030,20
10045,3
10055,20
10075,3
10085,"61,60"
10105,3
10120,21
10145,3
10155,22
10190,22
10215,33
10220,30
10230,"60,61"
10240,"3,1"
10250,30
10260,"3,1"
10300,"61,60"
10310,21
10315,20
10320,"60,61"
10335,3
10345,20
10360,22
10370,30
10380,22
10390,3
10395,3
10405,21
10415,21
10440,3
10455,"3,1"
10460,"3,1"
10465,30
10470,21
10475,21
10525,20
10530,21
10540,20
10565,22
10570,"60,61"
10585,"61,60"
10620,20
10630,"3,1"
10640,21
10660,22
10665,3
10685,3
10690,3
10695,21
10700,1
10735,30
10740,22
10750,30
10755,3
10765,3
10770,22
10780,22
10786,33
10790,3
10810,20
10815,1
10830,21
10840,"60,61"
10845,"61,60"
10850,21
10875,30
10880,30
10885,3
10890,3
10900,1
10910,20
10920,33
10925,21
10930,20
10935,21
10940,22
10950,22
10955,33
10975,21
10985,20
10990,30
11005,21
11015,30
11022,1
11030,33
11035,30
11040,21
11045,3
11060,3
11065,21
11070,21
11075,20
11080,20
11085,22
11095,30
11100,1
11110,33
11115,30
11135,17
11150,21
11155,22
11170,21
11185,17
11195,19
11210,3
11220,33
11225,21
11230,"11,1"
11240,"11,1"
11250,20
11255,20
11260,30
11265,19
11270,30
11275,3
11285,33
11290,17
11295,17
11310,22
11330,22
11335,1
11340,"60,61,32"
11350,1
11355,3
11360,"61,60"
11375,17
11385,30
11395,30
11400,22
11420,1
11435,33
11440,33
11465,19
11485,"61,60"
11490,22
11495,19
11510,20
11515,30
11520,30
11530,20
11535,11
11540,22
11550,33
11555,3
11570,30
11575,1
11590,30
11610,30
11615,30
11620,19
11650,30
11655,22
11660,30
11670,30
11680,3
11695,30
11700,32
11715,"60,61,32"
11720,3
11725,20
11730,19
11735,19
11740,20
11745,30
11750,19
11760,19
11770,33
11775,19
11780,22
11810,1
11815,32
11820,"61,60"
11825,32
11835,22
11840,30
11860,33
11865,19
11870,3
11875,32
11880,11
11885,30
11890,11
11900,20
11910,19
11925,20
11930,"61,60"
11945,1
11950,19
11960,22
11965,22
11970,32
11975,3
11985,6
11990,30
12005,33
12015,32
12020,33
12045,6
12050,3
12055,3
12065,30
12070,11
12075,19
12090,20
12095,18
12105,20
12110,32
12115,32
12120,"18,17"
12125,"18,17"
12135,"6,11"
12140,30
12150,22
12155,22
12165,18
12170,30
12180,18
12185,19
12210,19
12230,33
12245,22
12265,20
12275,19
12320,19
12325,3
12335,3
12355,19
12365,33
12370,"1,3"
12385,1
12395,17
12400,"20,22"
12410,17
12415,30
12435,33
12450,19
12475,19
12480,11
12495,"1,3"
12500,1
12545,17
12560,18
12570,3
12575,19
12580,"30,31"
12581,31
12582,31
12590,11
12605,"33,32"
12625,"20,22"
12630,"33,32"
12635,6
12645,30
12660,19
12670,30
12680,1
12685,18
12690,"1,3"
12695,30
12720,11
12725,6
12735,18
12750,"30,31"
12760,31
12763,30
12770,11
12775,19
12795,18
12800,"20,22"
12805,18
12815,30
12820,33
12850,17
12855,30
12860,6
12885,33
12895,19
12905,3
12910,3
12915,19
12930,1
12935,"1,3"
12950,18
12960,32
12965,18
12995,30
13025,"30,31"
13035,"20,22"
13050,"20,22"
13060,6
13075,6
13080,34
13085,11
13095,34
13100,33
13105,19
13110,3
13120,18
13125,3
13130,33
13135,11
13145,31
13160,"20,22"
13165,19
13175,18
13180,17
13225,32
13235,32
13240,33
13245,6
13250,"1,3"
13265,33
13270,31
13290,31
13295,19
13310,17
13340,1
13345,18
13355,18
13360,18
13365,18
13370,17
13385,11
13405,"20,22"
13415,18
13425,18
13430,3
13435,32
13450,19
13455,11
13460,32
13470,31
13475,31
13480,18
13485,3
13495,1
13500,4
13505,18
13515,34
13525,17
13535,34
13550,6
13555,17
13565,3
13575,19
13585,18
13595,33
13600,33
13610,18
13620,32
13635,31
13645,32
13650,6
13665,17
13685,31
13695,18
13700,18
13705,34
13710,11
13715,34
13735,17
13765,33
13770,34
13795,"20,22"
13805,18
13825,19
13830,"3,1"
13835,"1,3"
13840,31
13850,6
13855,17
13860,31
13865,34
13870,18
13880,17
13885,"20,22"
13895,31
13900,33
13902,"34,33"
13903,"33,34"
13905,34
13915,17
13920,34
13945,19
13960,34
14000,18
14005,"3,1"
14010,1
14015,31
14025,18
14030,18
14035,"3,1"
14040,18
14055,18
14060,18
14070,17
14105,"18,31"
14120,19
14125,"20,22"
14130,19
14135,34
14140,"20,22"
14150,34
14155,17
14160,17
14175,31
14205,19
14210,6
14220,34
14230,"18,31"
14235,19
14255,"18,31"
14300,19
14305,19
14310,19
14320,33
14330,"33,34"
14345,19
14350,"19,17"
14355,19
14360,"19,17"
14365,"20,22,11"
14380,"11,20,22"
14385,"18,31"
14395,34
14415,"34,32"
14420,"34,32"
14435,"18,31"
14441,6
14450,"18,31"
14460,"34,32"
14465,"34,32"
14470,"19,17"
14475,"18,31"
14480,34
14485,34
14515,"34,32"
14520,"11,20,22"
14525,"34,32"
14535,"19,17"
14540,"19,17"
14560,"34,32"
14575,"34,33"
14580,"19,17,4"
14590,"19,17,4"
14600,34
14610,"19,17,4"
14615,"19,17"
14620,"33,34"
14625,"34,33"
14630,"34,32"
14645,"19,17,4"
14650,"19,17"
14655,"19,17,27,28"
14660,34
14670,"19,17,27,28,4"
14675,"27,28"
14685,"19,17"
14690,"19,17,4"
14700,"28,4"
14715,"27,28"
14720,"3,1,4"
14725,"19,17,4"
14750,34
14760,4
14775,"18,31"
14780,"19,17,4"
14785,"20,22"
14790,34
14800,"19,17"
14805,28
14815,"18,31,19,17"
14825,"20,22"
14830,28
14835,"19,17"
14840,28
14845,"19,17,4"
14860,28
14865,28
14870,28
14875,34
14885,28
14890,28
14910,"27,4"
14920,"27,4"
14925,"18,31,17,4"
14930,"27,28,10"
14935,28
14940,"27,28"
14945,34
14950,"18,31,19,17"
14965,"6,20,22,11"
14970,28
14975,28
14985,28
14995,"27,28,10"
15000,"18,31,19,17"
15010,"27,28"
15015,28
15020,28
15025,"11,6,20,22"
15040,"3,1,92,4"
15045,"27,28,10"
15050,28
15055,28
15060,"27,28,10"
15075,28
15080,28
15090,28
15100,28
15110,"33,34"
15115,"33,35,78"
15120,"34,33"
15135,28
15145,"27,4"
15150,"35,78,32"
15180,"33,35,78"
15185,28
15205,28
15215,"34,78,35,32"
15230,"6,20,22"
15235,"33,35,78"
15240,"78,35,33"
15245,"34,78,35,32"
15250,"33,35,78"
15260,28
15265,92
15270,92
15275,28
15280,"33,35,78"
15285,"18,31,19,17"
15290,"27,28,10"
15295,"27,4"
15300,28
15305,"27,28,10"
15310,"78,35,33"
15335,28
15355,92
15360,"18,31,19,17"
15365,92
15385,92
15395,"27,28,10"
15410,92
15430,"78,35,33"
15440,28
15455,"78,35,33"
15460,"35,78,33"
15475,"27,28,10"
15495,"28,10"
15500,"60,78,35"
15505,"60,35,78"
15530,28
15540,"33,34"
15560,"27,28,10"
15565,"33,78"
15575,"11,14,61,65,10,95,8,9,12,59"
15580,"78,33"
15600,"78,33"
15610,"18,31,19,17"
15615,"18,31,19,17"
15625,"27,28,10"
15630,"33,78"
15650,"27,28,10"
15670,"28,10"
15680,"28,10"
15685,10
15686,10
15690,92
15700,92
15705,34
15710,34
15730,92
15735,"60,35,78"
15740,34
15750,"28,10"
15755,"60,78,35"
15765,34
15770,"27,28,10"
15790,"27,4"
15805,"27,4"
15810,34
15815,"3,1,4"
15825,"27,28,92,10"
15835,34
15840,28
15850,"28,10"
15880,"14,61,65,6,20,22,10,95,8,9,12,59"
15895,92
15935,"28,10"
15940,"27,4"
15945,"27,4"
15950,92
15955,"33,34,32"
15960,"28,10"
15975,"34,33,32"
15985,92
15990,"60,35,78"
16000,"18,31,19,17"
16005,"61,35"
16015,"28,10"
16020,28
16025,92
16035,"14,61,65,27,28,92,10,95,8,9,12,59"
16045,92
16090,"27,28"
16095,92
16105,92
16110,92
16115,"28,10"
16120,"28,10"
16125,6
16155,92
16165,35
16175,92
16195,92
16200,"27,4"
16205,92
16210,92
16235,92
16240,92
16250,92
16255,78
16275,92
16295,"27,4"
16310,"60,35,78"
16335,92
16355,92
16370,92
16385,"14,61,65,6,20,22,10,95,8,9,12,59,1"
16395,"34,33,32"
16400,"18,31,19,17,49,22,40,1"
16405,92
16425,"61,35"
16435,"30,21,20,22,1,4,6,92"
16445,"60,78,35"
16460,"61,35"
16465,"27,4"
16475,"54,72,51,58"
16480,"33,34,32"
16485,"66,1"
16510,"27,4"
16520,17
16525,"33,34,35,78,32,27"
16530,"60,35,78,92"
16555,"3,92,17"
16565,"27,4"
16585,"55,56,57,50,17,1,58,27"
16590,"40,1,50,56"
16595,60
16610,92
16620,92
16630,92
16640,"27,4"
16645,92
16690,"27,4"
16710,"27,4"
16720,"55,14,61,65,54,72,51,58,10,95,8,9,12,59"
16745,"14,54,72,58,12"
16770,92
16775,"61,54,30,21,59"
16785,"27,4"
16795,92
16810,92
16820,"60,78,35"
16825,92
16830,92
16835,61
16845,92
16855,"61,40,1,33,34,49,32"
16860,10
16870,"34,33,32"
16875,"27,4"
16885,"33,34,32"
16890,"1,61,40,34,33,49,32"
16900,"55,72,11,51,58"
16905,"61,40,1,33,34,49,32"
16910,"27,4"
16920,10
16925,78
16930,78
16940,"56,57,50"
16960,10
16961,10
16970,"61,33,34,40,32"
16973,10
16974,10
16975,10
17000,"61,33,34,40,32"
17005,"27,4"
17040,"56,57,50"
17045,"1,61,40,34,33,49,32"
17050,"33,34,32"
17055,"61,33,34,40,32"
17070,35
17075,35
17080,92
17085,"61,34,33,40,32"
17095,"61,33,34,32"
17100,"61,34,33,40,32"
17105,"33,34,32"
17120,"1,49"
17125,"34,33,32"
17135,40
17145,78
17155,78
17165,"27,4"
17170,"61,34,33,40"
17180,"27,4"
17185,"61,34,33,32"
17190,"1,49"
17215,"61,34,33,32"
17220,27
17235,35
17250,35
17255,40
17265,"56,57,50"
17266,57
17270,"56,57,50"
17275,10
17280,"55,72,51,58"
17285,"61,34,33,40,32"
17290,"61,34,33,40,32"
17295,10
17300,10
17315,10
17325,92
17330,10
17355,"27,4"
17360,10
17385,35
17390,35
17400,"55,72,51,58"
17405,10
17420,10
17425,"1,49"
17430,"1,49"
17435,"27,4"
17440,10
17460,50
17480,10
17485,10
17486,10
17490,"56,57"
17500,56
17505,10
17510,10
17515,10
17520,10
17530,10
17535,"50,56"
17540,"56,57"
17545,10
17555,10
17556,10
17560,"56,57,50"
17565,35
17575,78
17580,10
17590,10
17595,10
17600,78
17620,56
17625,10
17635,56
17645,56
17655,56
17660,56
17665,56
17670,"56,57"
17675,56
17685,56
17690,56
17695,56
17700,10
17705,10
17710,56
17715,56
17720,56
17725,56
17730,56
17745,56
17750,56
17760,10
17765,56
17770,10
17775,"56,27,4"
17780,56
17790,10
17795,56
17805,56
17810,56
17825,"56,57"
17830,27
17835,10
17845,"1,49"
17850,27
17855,"1,49"
17860,56
17870,78
17875,27
17885,56
17890,"56,27,4"
17905,27
17910,56
17920,10
17925,56
17936,50
17940,56
17945,27
17950,10
17960,10
17965,"27,4"
17970,27
17975,"56,57"
17980,56
17985,40
17990,"56,27,4"
18000,56
18005,27
18010,27
18015,"56,57"
18025,10
18030,78
18045,10
18050,27
18060,92
18065,10
18070,10
18080,"1,49"
18085,56
18090,"56,57"
18095,56
18100,"56,57"
18105,56
18110,"27,4"
18125,"55,72,51,58"
18135,"55,72,51,58"
18140,27
18145,10
18150,10
18160,56
18165,35
18180,27
18185,78
18195,56
18200,92
18215,10
18225,50
18235,50
18240,10
18245,56
18250,57
18255,40
18260,56
18280,10
18285,92
18290,"1,49"
18295,57
18315,27
18320,10
18325,35
18330,78
18335,78
18340,10
18345,50
18360,27
18380,50
18390,"55,72,51,58"
18395,50
18405,35
18410,57
18435,27
18440,27
18445,11
18455,49
18470,11
18475,50
18480,35
18485,57
18505,50
18510,57
18525,"1,49"
18526,1
18530,40
18550,27
18555,78
18565,78
18585,27
18590,49
18600,57
18605,49
18615,11
18625,1
18635,11
18655,27
18665,27
18670,35
18685,35
18690,27
18695,1
18710,50
18715,50
18720,"50,4"
18721,92
18725,92
18730,57
18735,49
18750,78
18760,"55,72,51,58"
18780,"55,58"
18795,"72,51,58"
18800,27
18805,35
18830,35
18835,55
18845,27
18850,27
18855,57
18860,50
18870,1
18885,1
18895,50
18905,78
18910,49
18920,92
18930,78
18935,40
18940,49
18965,57
18975,57
18990,55
18995,92
19000,55
19005,27
19010,27
19030,55
19055,35
19060,50
19065,49
19070,11
19080,57
19095,11
19100,35
19105,50
19115,27
19140,55
19155,27
19170,49
19175,27
19190,55
19205,57
19210,50
19215,50
19220,1
19230,49
19235,57
19240,55
19245,40
19250,55
19260,50
19300,55
19315,35
19320,27
19340,"51,58"
19345,27
19350,57
19365,"51,58"
19370,55
19380,55
19395,55
19400,1
19410,49
19415,1
19420,50
19425,40
19430,55
19445,49
19450,72
19455,50
19460,40
19475,55
19490,55
19495,"57,50"
19505,55
19520,40
19530,40
19535,49
19540,27
19545,72
19550,40
19555,49
19560,27
19565,51
19570,55
19575,49
19585,"51,58"
19590,27
19595,11
19605,40
19610,49
19615,11
19625,57
19630,27
19635,50
19655,1
19660,35
19680,57
19685,57
19695,50
19700,72
19710,27
19725,40
19735,40
19755,49
19760,50
19765,50
19770,27
19780,57
19785,27
19790,72
19800,27
19805,72
19810,40
19815,40
19825,1
19830,1
19845,27
19850,57
19855,55
19860,49
19865,55
19870,"35,78"
19875,"78,35"
19880,50
19885,57
19900,72
19905,40
19915,11
19920,55
19925,"51,58"
19930,40
19935,"51,58"
19940,55
19945,50
19950,27
19955,27
19965,50
19970,57
19975,50
19980,27
19985,57
19995,"11,49"
20000,1
20010,27
20015,1
20020,55
20030,55
20055,"35,78"
20065,51
20085,72
20090,55
20095,"78,35"
20105,72
20115,50
20120,55
20125,57
20135,27
20150,57
20155,27
20160,55
20175,27
20180,50
20185,50
20195,72
20215,51
20220,72
20235,55
20245,27
20250,1
20255,50
20260,58
20275,51
20280,1
20285,27
20290,50
20295,58
20300,50
20305,57
20320,55
20330,57
20335,50
20345,57
20350,58
20360,58
20370,51
20380,57
20385,78
20390,1
20395,57
20400,58
20420,58
20430,27
20435,27
20445,57
20465,58
20470,58
20475,11
20480,72
20490,57
20505,55
20515,"35,78"
20525,72
20530,55
20535,"11,71,1"
20540,"50,58"
20545,"50,58"
20555,57
20560,57
20565,27
20575,51
20600,55
20610,"71,1"
20615,"1,40"
20620,55
20625,"50,58"
20640,55
20665,"55,58,50"
20670,27
20675,55
20685,51
20720,57
20725,55
20730,"27,57"
20740,55
20745,"50,58"
20750,"50,58"
20755,1
20760,27
20770,57
20780,55
20785,71
20795,72
20815,55
20830,58
20835,"78,35"
20840,58
20845,"27,57,58"
20850,"50,58"
20860,58
20865,78
20870,51
20875,72
20880,58
20885,51
20900,58
20910,58
20915,11
20920,71
20930,58
20935,27
20940,58
20950,35
20960,1
20965,58
20970,58
20975,"50,58"
20980,58
20990,58
21000,58
21005,1
21010,72
21030,58
21045,58
21050,35
21055,78
21060,78
21065,78
21070,78
21075,78
21080,78
21090,78
21095,11
21100,58
21110,71
21115,58
21120,58
21125,58
21130,"50,58"
21140,58
21155,58
21160,58
21195,58
21200,51
21205,58
21215,51
21225,72
21235,78
21240,58
21245,"50,58"
21250,11
21270,58
21290,11
21295,58
21300,1
21305,71
21310,58
21315,58
21320,58
21330,58
21335,1
21340,"50,58"
21345,51
21350,58
21355,51
21360,"50,58"
21375,78
21380,71
21385,72
21390,72
21395,71
21435,50
21445,50
21450,11
21455,11
21460,78
21465,71
21475,1
21495,58
21500,58
21510,58
21520,50
21530,78
21545,71
21550,51
21555,71
21560,58
21565,58
21570,51
21575,58
21585,50
21590,50
21610,58
21615,58
21630,78
21635,71
21640,71
21645,58
21650,1
21655,58
21665,78
21670,51
21695,1
21705,58
21720,51
21735,73
21740,71
21745,58
21750,58
21760,78
21765,58
21770,58
21780,73
21805,72
21810,73
21815,50
21820,72
21830,11
21835,9
21840,73
21845,35
21850,71
21855,73
21860,58
21865,50
21870,11
21880,80
21885,80
21900,"72,73"
21930,9
21940,9
21945,"1,71"
21950,9
21960,"51,73"
21965,9
21985,"51,73"
21990,80
21995,9
22000,72
22005,9
22015,80
22020,9
22025,78
22030,9
22040,9
22045,9
22050,72
22060,50
22065,80
22070,58
22075,"72,73"
22080,"72,73"
22090,"51,73"
22095,9
22115,"51,73"
22120,"1,71"
22135,73
22150,9
22155,9
22170,9
22180,50
22190,78
22200,"1,71"
22205,73
22210,73
22215,"51,73"
22220,"1,71"
22230,58
22235,80
22240,58
22265,72
22280,73
22285,73
22290,78
22310,9
22320,9
22325,72
22345,73
22360,58
22380,73
22400,72
22405,73
22425,73
22445,58
22450,80
22465,72
22470,58
22475,73
22480,73
22485,9
22495,"51,73"
22500,11
22505,9
22510,"51,73"
22535,"1,71"
22540,73
22545,73
22585,80
22590,80
22600,72
22605,58
22610,72
22615,58
22645,"76,80"
22650,72
22655,80
22665,72
22670,76
22680,72
22685,80
22695,72
22720,73
22725,76
22745,"1,71"
22750,76
22760,80
22765,"75,11,1,76,71,78,80"
22780,72
22785,58
22790,80
22795,9
22805,72
22810,9
22815,80
22820,80
22825,9
22835,72
22840,9
22850,72
22855,80
22880,72
22885,80
22895,35
22905,72
22910,72
22915,35
22925,80
22930,"51,73"
22935,58
22945,58
22950,80
22955,"72,1,71,73"
22960,"51,73"
22965,"75,72"
22970,11
22980,76
22981,76
22990,80
22995,76
23000,76
23005,80
23015,80
23020,71
23030,71
23035,76
23050,76
23055,80
23070,"75,72,11,1,71"
23075,"75,1,78,80"
23090,76
23100,72
23125,"75,78"
23130,"75,72,1,71,73"
23145,76
23150,"72,71,73"
23160,80
23165,76
23170,76
23215,"75,72"
23220,1
23225,50
23250,"75,72"
23270,71
23280,"51,73"
23285,72
23290,"51,73"
23295,1
23320,"75,72"
23325,35
23330,1
23335,"75,72"
23345,71
23355,72
23370,35
23375,71
23410,"75,72"
23445,"75,72"
23450,76
23455,9
23460,76
23470,76
23475,76
23480,35
23485,1
23490,9
23495,1
23505,76
23510,71
23530,71
23540,"75,72"
23545,76
23555,1
23560,"75,72"
23565,1
23575,35
23585,76
23590,9
23600,76
23610,76
23620,1
23625,71
23635,72
23640,"51,73"
23645,"75,72"
23650,9
23655,76
23660,71
23665,"54,51,73"
23670,76
23685,75
23690,76
23695,1
23700,75
23705,76
23715,76
23735,76
23740,1
23745,1
23750,76
23760,71
23765,9
23775,75
23790,75
23800,1
23850,1
23860,1
23865,71
23870,1
23875,1
23890,1
23915,75
23920,1
23935,1
23945,1
23950,1
23955,1
23970,75
23975,71
23985,"54,51,73"
23995,"51,73"
24015,75
24040,9
24045,50
24060,9
24065,9
24075,71
24080,71
24090,"54,51,73"
24120,71
24155,"54,51,73"
24180,"54,51,73"
24205,71
24215,"51,54"
24216,"51,54"
24220,71
24225,54
24230,54
24285,9
24290,71
24295,9
24310,9
24320,9
24330,9
24350,71
24385,71
24405,71
24410,9
24415,71
24430,9
24435,71
24440,9
24445,9
24455,71
24480,71
24485,71
24495,"75,71"
24496,71
24500,"75,71"
24520,71
24535,71
24540,71
24555,75
24565,75
24570,75
24595,75
24605,75
24641,75
24645,50
24675,75
24680,75
24685,75
24690,75
24695,75
24705,75
24710,75
24720,75
24725,75
24730,75
24735,75
24740,75
24745,"54,75,59"
24755,75
24756,75
24770,75
24775,75
24785,75
24810,"54,75,59"
24815,75
24820,75
24840,9
24870,9
24875,9
24945,9
24972,9
24985,9
24990,9
24995,9
25010,9
25030,9
25035,9
25085,9
25100,9
25102,9
25110,9
25125,9
25275,"54,59"
25300,54
25315,54
25320,"54,59"
25335,"54,59"
25340,"54,59"
25350,"54,59"
25405,54
25540,54
25600,54
25605,54
25690,54
25695,54
25705,54
25735,54
25750,54
25760,54
25885,87
26000,75
26015,"87,54"
26020,75
26155,"87,54"
26910,57
26915,57
26970,57
27045,58
27050,58
27055,58
27060,58
27065,58
27070,58
27075,58
27105,58
27115,58
27125,57
27140,57
27150,57
27155,58
27190,"72,51,58"
27200,3
27210,3
27215,"20,1"
27220,1
27225,14
27230,14
27235,92
27245,92
27250,92
27255,92
27260,"92,4"
28170,71
28605,54
28610,"54,59"
28620,51
29060,67
29070,67
29075,67
29120,"66,65"
29140,"66,65"
29141,66
29145,"66,65"
29146,66
29190,17
29215,18
29220,18
29225,17
29235,17
29570,30
29600,"75,72"
29610,78
29615,78
29620,78
29625,78
29630,78
29635,78
29640,78
29655,30
29675,30
29680,30
29685,30
29966,"66,65"
30105,92
30110,92
30115,92
30120,92
30126,"17,1"
30175,76
30190,35
30195,35
30200,35
30205,35
30210,35
30215,35
30220,35
30235,35
30240,35
30245,35
30250,35
30255,35
30260,35
30265,35
30270,35
30280,35
30285,35
30295,50
30300,50
30305,50
30315,"54,59"
30320,65
30325,66
30335,66
30350,80
30352,80
30410,58
30415,58
30420,58
30435,58
30440,58
30445,54
30455,54
30460,"54,59"
30465,54
30470,54
30475,54
30480,54
30485,54
30490,54
40010,50
50000,87
50005,87
50010,87
50020,87
50025,87
50030,87
50035,87
50040,87
50045,87
50055,87
50060,87
50065,87
50070,87
50075,87
50080,87
50085,87
50090,"87,54"
50095,"87,54"
50105,87
50110,87
50115,87
50120,87
50125,87
50130,87
50135,87
50140,87
50145,87
50150,87
50155,87
50160,87
50165,87
50170,87
50190,87
50195,87
50200,87
50205,87
50215,87
50220,87
50290,87
50305,87
50310,87
50315,87
50320,87
50325,87
50330,87
50335,87
50340,87
50345,87
50350,87
50355,87
50360,87
50365,87
50370,87
50380,"87,54"
50385,"87,54"
50390,"87,54"
50435,87
50440,87
50445,87
50450,87
50451,87
50455,87
50456,87
50475,55
50480,66
50485,66
50490,"18,31,19,17"
50495,17
50610,1
50620,3
50630,66
50635,66
50640,66
50645,66
50650,66
50655,66
50665,66
50675,"66,64,69"
50680,"66,64,69"
50685,"66,64"
50690,"66,64"
50720,"66,64"
50725,"66,64,69"
50735,66
50740,66
50750,66
50755,66
50760,66
50765,66
50770,66
50775,66
50780,66
50790,"29,13"
50795,13
50800,13
50805,"29,13"
50815,21
50825,13
50830,87
51005,"1,71"
51010,"1,71"
51025,"60,61"
51030,"60,61"
51055,"61,60"
51060,"61,60"
51070,"61,60"
51085,21
51095,9
51105,9
51110,9
51115,9
51120,9
51125,9
51140,9
51145,9
51165,"14,54,12"
55070,72
55195,3
55215,3
55235,"19,17"
55240,19
55255,19
55260,19
55265,17
55285,19
55290,"20,1"
55295,71
55305,71
55310,71
55315,71
55320,11
55325,11
55340,"66,65"
55345,"66,65"
55350,"65,14"
55360,"66,65"
55365,"66,65"
55385,"72,51,58"
55390,58
55405,"55,72,51,58"
55500,30
55505,30
55510,30
55515,30
55520,30
55525,"30,19"
55530,50
55535,50
55540,50
55545,50
55550,50
55555,50
55560,50
55565,50
55570,50
55575,50
55580,50
55585,50
55640,"30,13"
55645,"92,4"
55660,92
55685,27
55690,27
55695,27
55710,27
55720,27
55735,"27,28,10"
55745,29
55780,33
55785,33
55800,33
55805,33
55810,33
55815,"78,33"
55825,35
55835,78
55840,78
55845,78
55850,78
55855,78
55860,78
55865,78
55870,78
55875,78
55880,78
55885,78
55895,40
55900,1
55910,49
55920,49
55930,"87,54"
55935,87
55940,87
55945,87
55955,72
55965,72
55975,72
55980,72
55990,"75,11"
55995,"75,72"
56000,"75,72"
56030,75
56035,72
56045,72
56050,72
56065,"75,72"
56070,"72,73"
56075,73
56090,75
56100,75
56105,75
56110,75
56120,75
56125,75
56130,75
56135,75
56140,75
56145,75
56150,75
56160,75
56165,75
56170,75
56175,75
56176,"54,75,59"
56185,75
56195,75
56200,75
56205,75
56215,75
56225,75
56235,75
56240,75
56245,75
56250,75
56255,75
56260,75
56265,75
56270,75
56275,"76,80"
56310,76
56311,76
56335,76
56435,80
56475,80
56480,80
56485,80
56495,76
56500,76
56505,76
56515,80
56525,80
56530,80
56560,76
56565,50
56590,55
56605,55
56615,55
56655,58
56660,58
56665,58
56670,58
56675,58
56680,58
56685,58
56690,51
56695,54
56700,54
56705,64
56710,64
56720,64
56725,64
56750,67
56760,67
56765,63
56775,"60,64,63"
56785,63
56795,63
56805,60
56830,"61,60"
56835,60
56840,60
56845,60
56880,95
56885,95
56890,95
56910,66
56915,66
56920,66
56930,66
56945,66
56950,66
56965,66
56970,66
56975,66
56980,"14,65"
56990,"66,65"
56995,"66,65"
57000,"66,65"
57005,"66,65"
57010,"66,65"
57025,"66,65"
57030,"66,65"
57035,"66,65"
57040,"66,65"
57045,"66,65"
57050,"66,65"
57055,"66,65"
57060,"66,65"
57065,"66,65"
57075,"66,65"
57080,"66,65"
57085,"66,65"
57105,66
57115,66
57120,66
57125,66
57135,66
57136,66
57140,66
57145,76
57165,80
57170,80
57180,80
57185,76
57190,80
57195,"66,65"
57200,66
57205,66
57210,66
57215,66
57220,66
57225,66
57230,66
57235,66
57240,66
57250,66
57255,66
57260,66
57270,66
57280,66
57285,66
57290,66
57295,66
57300,66
57305,66
57315,66
57320,"14,66"
57405,"14,64"
57510,"14,64"
57520,"14,64"
57525,"14,64"
57526,14
57530,64
57535,"64,65"
57540,64
57555,64
57560,64
57565,64
57575,64
57660,76
57665,76
57670,76
57675,76
57680,76
57685,76
57690,76
57705,80
57710,80
57715,80
57730,"29,13"
57740,"29,12"
57760,64
57840,"64,63"
57865,64
57870,"64,63"
57905,67
57915,67
57920,67
58040,"76,80"
58045,"76,80"
58050,40
58060,40
58070,40
58105,40
58110,40
58120,40
58135,67
58140,14
58145,64
58150,"3,1,92,4"
58165,1
58175,"1,3"
58180,3
58185,"29,3"
58205,3
58220,3
58230,3
58235,3
58240,3
58245,3
58250,6
58260,6
58290,8
58295,8
58300,8
58315,9
58320,9
58325,9
58330,9
58335,9
58340,9
58345,9
58350,9
58360,9
58365,9
58370,9
58385,9
58390,9
58395,9
58415,"20,22,11"
58420,21
58425,21
58440,13
58460,13
58465,13
58495,14
58505,14
58525,14
58530,14
58535,14
58540,14
58550,14
58555,14
58560,14
58565,14
58575,14
58580,14
58590,14
58595,14
58600,14
58605,"14,64"
58615,14
58620,14
58625,14
58630,14
58635,14
58640,14
58645,14
58650,14
58660,14
58670,"66,65"
58760,87
58765,87
58770,6
58775,"75,1,71,78"
58780,50
58785,50
58790,50
58795,50
58800,"72,51,58"
58815,"33,34,78"
58830,"61,60"
58831,"61,60"
58845,64
58870,11
58880,3
58910,92
58930,"27,28,92,10"
58935,14
58940,59
58945,"54,75,59"
58980,6
58985,6
58990,6
58995,6
59005,6
59015,"4,6"
59025,6
59030,6
59035,8
59060,"72,1,71,73"
59065,49
59075,49
59080,49
59105,"18,31,19,17"
59120,56
59140,20
59145,92
59150,92
59155,56
59165,"61,34,33,32"
59170,"60,35,78"
59175,20
59180,20
59190,21
59195,22
59210,21
59215,22
59220,22
59225,1
59240,"34,33"
59250,"60,78,35"
59265,40
59270,"64,63"
59275,63
59280,63
59300,63
59305,63
59310,60
59315,60
59320,60
59325,60
59350,"20,22"
59400,69
59401,69
59405,69
59410,69
59415,69
59420,69
59530,69
59535,69
59540,69
59545,69
59565,60
59570,60
59575,60
59580,60
59585,60
59600,61
59605,6
59610,6
59615,6
59620,"60,61"
59630,60
59635,60
59645,"60,63"
59660,60
59665,60
59670,60
59675,60
59700,66
59705,66
59710,66
59715,66
59720,66
59730,66
59735,66
59740,66
59745,66
59750,"66,64,69"
59755,66
59760,66
59765,66
59770,66
59775,66
59780,66
59785,66
59790,66
59800,"1,71"
59815,17
59825,18
59830,19
59860,92
59865,"92,4"
59875,92
59880,"54,51,73"
59895,73
59900,54
59915,19
59920,19
59950,3
59960,8
59975,"29,3"
59990,9
59995,9
60000,9
60005,9
60010,9
60015,28
60020,28
60025,40
60030,40
60035,49
60040,49
60045,34
60060,78
60065,"35,78"
60070,78
60075,78
60080,"1,76,80"
60085,"14,64"
60090,"14,64"
60095,87
60115,75
60125,54
60135,9
60140,9
60145,9
60150,9
60155,9
60165,55
60170,50
60175,50
60180,50
60185,50
60190,"50,58"
60200,54
60220,72
60235,76
70170,13
70175,13
70180,13
70185,"29,12"
70190,29
70195,29
70200,29
70205,14
70210,14
70220,14
70225,14
70230,14
70235,14
70240,14
70245,14
70250,14
70255,14
70260,14
70265,14
70270,14
70275,14
70280,14
70285,14
70290,14
70300,14
70310,"1,49"
70315,"1,49"
70330,9
70340,78
70345,78
70350,78
70370,58
70375,58
70380,"27,58"
70385,58
70390,58
70395,58
70400,58
70405,58
70410,58
70415,21
70425,66
70430,14
70435,29
70445,75
70450,75
70455,75
70460,75
70465,75
70470,75
70475,75
70480,75
70485,75
70490,75
70500,75
70505,75
70510,75
70540,"66,65"
70545,1
70590,1
70595,1
70600,"14,64"
70670,"66,65"
70700,50
70800,9
70805,30
70810,32
70815,32
70820,32
70825,32
70830,32
70835,32
70840,32
70845,32
70850,32
70855,32
70860,32
70870,92
70875,10
70880,10
70885,10
70890,"60,78,35"
70895,80
71000,"19,17,4"
71005,59
71010,59
71015,59
71020,59
71025,59
71030,57
71040,57
71045,20
71050,"34,32"
71055,34
71060,34
71065,34
71070,34
71075,34
71080,34
71085,34
71095,17
71100,"30,17"
71105,"30,17"
71115,30
71120,"30,17"
71125,"30,17"
71130,17
71135,17
71140,17
71145,22
72000,11
72005,11
72010,"55,72,11,51,58"
72015,"55,72,11,51,58"
72020,"55,72,11,51,58"
72025,11
72100,"31,17,27,28,92"
72110,1
72125,"1,35"
72130,1
72135,61
72155,11
72160,"27,28,17"
72165,"60,49"
72170,"14,66"
72175,"1,11,6,92"
72180,"14,64"
72185,13
72190,"66,64"
72210,1
72215,1
72220,"1,35"
72230,"20,22"
72240,"20,22"
72250,"20,22"
72260,20
72270,"20,22"
72300,"1,35"
72305,8
72310,71
72330,"19,17"
72335,59
72340,"3,1,92"
72345,"3,1,92"
72350,"3,1"
72355,92
72360,27
72365,21
72370,"63,64"
72380,54
72385,54
72390,54
72395,54
72400,54
72410,54
72425,80
72430,9
72435,78
72445,10
72450,55
72455,55
72460,1
72465,1
72470,3
72475,3
72480,3
72485,3
72490,3
72495,3
72500,3
72505,50
72510,"35,78"
72520,"6,20,22"
72525,"6,20,22"
72530,"34,32"
72535,"34,33,32"
72540,32
72550,32
72555,32
72560,34
72565,34
72570,34
72575,34
72580,34
72585,92
72590,92
72600,92
72605,92
72610,92
72700,67
